{"Items":[{"SaveId":1,"Bones":[]},{"SaveId":2,"Bones":[{"BoneId":"polySurface1972Left","Rotation":{"x":-1.47983646E-05,"y":0.0,"z":0.0,"magnitude":1.4798364645685069E-05},"Position":{"x":-7.755619,"y":110.885735,"z":39.63279,"magnitude":118.01082055362322}},{"BoneId":"polySurface2088Left","Rotation":{"x":-1.47983646E-05,"y":0.0,"z":0.0,"magnitude":1.4798364645685069E-05},"Position":{"x":-9.614876,"y":113.608528,"z":-46.68787,"magnitude":123.203493089915}},{"BoneId":"polySurface2089Left","Rotation":{"x":-1.47983646E-05,"y":0.0,"z":0.0,"magnitude":1.4798364645685069E-05},"Position":{"x":-15.8985987,"y":87.84314,"z":-51.38259,"magnitude":103.00171506489011}}]}]}